no	id	targets	sstart	send	pident	gene	definition	forward_primer	reverse_primer	probe	citation
1	Japan_NIID_WH-1_F501	2697049	483	896	100	ORF1ab	CCCTATGTGTTCATCAAACG[TTCGGATGCTCGAACTGCACC]TCATGGTCATGTTATGGTTGAGCTGGTAGCAGAACTCGAAGGCATTCAGTACGGTCGTAGTGGTGAGACACTTGGTGTCCTTGTCCCTCATGTGGGCGAAATACCAGTGGCTTACCGCAAGGTTCTTCTTCGTAAGAACGGTAATAAAGGAGCTGGTGGCCATAGTTACGGCGCCGATCTAAAGTCATTTGACTTAGGCGACGAGCTTGGCACTGATCCTTATGAAGATTTTCAAGAAAACTGGAACACTAAACATAGCAGTGGTGTTACCCGTGAACTCATGCGTGAGCTTAACGGAGGGGCATACACTCGCTATGTCGATAACAACTTCTGTGGCCCTGATGGCTACCCTCTTGAGTGCATTAAAGA[CCTTCTAGCACGTGCTGGTAAAG]CTTCATGCACTTTGTCCGAA	TTCGGATGCTCGAACTGCACC	CCTTCTAGCACGTGCTGGTAAAG	NA	Nao, Naganori, Kazuya Shiratori, Harutaka Katano, Shutoku Matsuyama, and Makoto Takeda. “Detection of Second Case of 2019-NCoV Infection in Japan.” National Institute of Infectious Diseases, January 2020. https://www.niid.go.jp/niid/en/2019-ncov-e/9334-ncov-vir3-2.html.
2	Japan_NIID_WH-1_F509	2697049	491	837	100	ORF1ab	GTTCATCAAACGTTCGGATG[CTCGAACTGCACCTCATGG]TCATGTTATGGTTGAGCTGGTAGCAGAACTCGAAGGCATTCAGTACGGTCGTAGTGGTGAGACACTTGGTGTCCTTGTCCCTCATGTGGGCGAAATACCAGTGGCTTACCGCAAGGTTCTTCTTCGTAAGAACGGTAATAAAGGAGCTGGTGGCCATAGTTACGGCGCCGATCTAAAGTCATTTGACTTAGGCGACGAGCTTGGCACTGATCCTTATGAAGATTTTCAAGAAAACTGGAACACTAAACATAGCAGTGGTGTTACCCGTGAACTCATGCGTGAGCTTAACGGAGGGGCATACACTC[GCTATGTCGATAACAACTTCTG]TGGCCCTGATGGCTACCCTC	CTCGAACTGCACCTCATGG	GCTATGTCGATAACAACTTCTG	NA	Nao, Naganori, Kazuya Shiratori, Harutaka Katano, Shutoku Matsuyama, and Makoto Takeda. “Detection of Second Case of 2019-NCoV Infection in Japan.” National Institute of Infectious Diseases, January 2020. https://www.niid.go.jp/niid/en/2019-ncov-e/9334-ncov-vir3-2.html.
3	Japan_NIID_WH-1_Seq_F519	2697049	501	823	100	ORF1ab	CGTTCGGATGCTCGAACTGC[ACCTCATGGTCATGTTATGG]TTGAGCTGGTAGCAGAACTCGAAGGCATTCAGTACGGTCGTAGTGGTGAGACACTTGGTGTCCTTGTCCCTCATGTGGGCGAAATACCAGTGGCTTACCGCAAGGTTCTTCTTCGTAAGAACGGTAATAAAGGAGCTGGTGGCCATAGTTACGGCGCCGATCTAAAGTCATTTGACTTAGGCGACGAGCTTGGCACTGATCCTTATGAAGATTTTCAAGAAAACTGGAACACTAAACATAGCAGTGGTGTTACCCGTGAACTCATGCGTGAGCTTAACGGAGG[GGCATACACTCGCTATGTC]GATAACAACTTCTGTGGCCC	ACCTCATGGTCATGTTATGG	GGCATACACTCGCTATGTC	NA	Nao, Naganori, Kazuya Shiratori, Harutaka Katano, Shutoku Matsuyama, and Makoto Takeda. “Detection of Second Case of 2019-NCoV Infection in Japan.” National Institute of Infectious Diseases, January 2020. https://www.niid.go.jp/niid/en/2019-ncov-e/9334-ncov-vir3-2.html.
4	Yip-ORF1ab	2697049	1865	1970	100	ORF1ab	ATCAATACTGAGTCCTCTTT[ATGCATTTGCATCAGAGGCT]GCTCGTGTTGTACGATCAATTTTCTCCCGCACTCTTGAAACTGCTCAAAATTCTGTGCGTGTTTT[ACAGAAGGCCGCTATAACAA]TACTAGATGGAATTTCACAG	ATGCATTTGCATCAGAGGCT	ACAGAAGGCCGCTATAACAA	NA	Yip, Cyril Chik-Yan, Chi-Chun Ho, Jasper Fuk-Woo Chan, Kelvin Kai-Wang To, Helen Shuk-Ying Chan, Sally Cheuk-Ying Wong, Kit-Hang Leung, et al. “Development of a Novel, Genome Subtraction-Derived, SARS-CoV-2-Specific COVID-19-Nsp2 Real-Time RT-PCR Assay and Its Evaluation Using Clinical Specimens.” International Journal of Molecular Sciences 21, no. 7 (April 2020). https://doi.org/10.3390/ijms21072574.
5	Noblis.12	2697049	3239	3482	100	ORF1ab	ACAAACTGTTGGTCAACAAG[ACGGCAGTGAGGACAATCAG]ACAACTACTATTCAAACAATTGTTGAGGTTCAACCTCAATTAGAGATGGAACTTACACCAGTTGTTCAGACTATTGAAGTGAATAGTTTTAGTGGTTATTTAAAACTTACTGACAATGTATACATTAAAAATGCAGACATTGTGGAAGAAGCTAAAAAGGTAAAA(CCAACAGTGGTTGTTAATGCAGCCA)ATGTTTACCTTAA[ACATGGAGGAGGTGTTGCAG]GAGCCTTAAATAAGGCTACT	ACGGCAGTGAGGACAATCAG	ACATGGAGGAGGTGTTGCAG	CCAACAGTGGTTGTTAATGCAGCCA	Holland, Mitchell, Daniel A. Negrón, Shane Mitchell, Mychal Ivancich, Katharine W. Jennings, Bruce Goodwin, and Shanmuga Sozhamannan. “Preliminary in Silico Assessment of the Specificity of Published Molecular Assays and Design of New Assays Using the Available Whole Genome Sequences of 2019-NCoV - SARS-CoV-2 Coronavirus / NCoV-2019 Diagnostics and Vaccines.” Virological, January 2020. https://virological.org/t/preliminary-in-silico-assessment-of-the-specificity-of-published-molecular-assays-and-design-of-new-assays-using-the-available-whole-genome-sequences-of-2019-ncov/343.
6	C1_COV_ORF1a	2697049	10964	11071	100	ORF1ab	TAGACAATGCTCAGGTGTTA[CTTTCCAAAGTGCAGTGAAAAGAACAATCAA](GGGTACACACCACTGGTTGTTACTCA)CAATTTTGACTTCACTTTTAGTTT[TAGTCCAGAGTACTCAATGGTCTTTG]TTCTTTTTTTTGTATGAAAA	CTTTCCAAAGTGCAGTGAAAAGAACAATCAA	TAGTCCAGAGTACTCAATGGTCTTTG	GGGTACACACCACTGGTTGTTACTCA	N/A
7	France_nCoV_IP2	2697049	12689	12797	100	ORF1ab	TGCTGTCAAATTACAGAATA[ATGAGCTTAGTCCTGTTG]CACTACGAC(AGATGTCTTGTGCTGCCGGTA)CTACACAAACTGCTTGCACTGATGACAATGCGTTAGCTTACT[ACAACACAACAAAGGGAG]GTAGGTTTGTACTTGCACTG	ATGAGCTTAGTCCTGTTG	ACAACACAACAAAGGGAG	AGATGTCTTGTGCTGCCGGTA	Institut Pasteur. “Protocol: Real-Time RT-PCR Assays for the Detection of SARS-CoV-2,” n.d. https://www.who.int/docs/default-source/coronaviruse/real-time-rt-pcr-assays-for-the-detection-of-sars-cov-2-institut-pasteur-paris.pdf?sfvrsn=3662fcb6_2.
8	China_ORF1ab	2697049	13341	13460	100	ORF1ab	CCTACAACTTGTGCTAATGA[CCCTGTGGGTTTTACACTTAA]AAACACAGTCTGTA(CCGTCTGCGGTATGTGGAAAGGTTATGG)CTGTAGTTGTGATCAACTCCGCGAACCCATGCTTCAG[TCAGCTGATGCACAATCGT]TTTTAAACGGGTTTGCGGTG	CCCTGTGGGTTTTACACTTAA	TCAGCTGATGCACAATCGT	CCGTCTGCGGTATGTGGAAAGGTTATGG	Niu, Peihua, Roujian Lu, Li Zhao, Huijuan Wang, Baoying Huang, Fei Ye, Wenling Wang, Wenjie Tan, and Key Laboratory of Biosafety, National Health and Family Planning Commission, National Institute for Viral Disease Control and Prevention, China CDC, Beijing, China. “Three Novel Real-Time RT-PCR Assays for Detection of COVID-19 Virus.” China CDC Weekly 2, no. 25 (2020): 453–57. https://doi.org/10.46234/ccdcw2020.116.
9	France_nCoV_IP4	2697049	14079	14186	100	ORF1ab	TAGATAATCAAGATCTCAAT[GGTAACTGGTATGATTTCG]GTGATT(TCATACAAACCACGCCAGG)TAGTGGAGTTCCTGTTGTAGATTCTTATTATTCATTGTTAATG[CCTATATTAACCTTGACCAG]GGCTTTAACTGCAGAGTCAC	GGTAACTGGTATGATTTCG	CCTATATTAACCTTGACCAG	TCATACAAACCACGCCAGG	Institut Pasteur. “Protocol: Real-Time RT-PCR Assays for the Detection of SARS-CoV-2,” n.d. https://www.who.int/docs/default-source/coronaviruse/real-time-rt-pcr-assays-for-the-detection-of-sars-cov-2-institut-pasteur-paris.pdf?sfvrsn=3662fcb6_2.
10	Young-ORF1ab	2697049	14154	14243	100	ORF1ab	CTGTTGTAGATTCTTATTAT[TCATTGTTAATGCCTATATTAACC]TTGACCAGGGCTTT(AACTGCAGAGTCACATGTTGACA)CTGA[CTTAACAAAGCCTTACATTAAGTG]GGATTTGTTAAAATATGACT	TCATTGTTAATGCCTATATTAACC	CTTAACAAAGCCTTACATTAAGTG	AACTGCAGAGTCACATGTTGACA	Young, Barnaby Edward, Sean Wei Xiang Ong, Shirin Kalimuddin, Jenny G. Low, Seow Yen Tan, Jiashen Loh, Oon-Tek Ng, et al. “Epidemiologic Features and Clinical Course of Patients Infected With SARS-CoV-2 in Singapore.” JAMA 323, no. 15 (April 2020): 1488. https://doi.org/10.1001/jama.2020.3204.
11	ncov_rdrp_1	2697049	15430	15530	93	ORF1ab	TGAGTGTGCTCAAGTATTGA[GTGARATGGTCATGTGTGGCGG]TTCACTATATGTTAAA(CCAGGTGGWACRTCATCMGGTGATGC)CACAACTGCT[TATGCTAATAGTGTSTTTAACATYTG]TCAAGCTGTCACGGCCAATG	GTGARATGGTCATGTGTGGCGG	TATGCTAATAGTGTSTTTAACATYTG	CCAGGTGGWACRTCATCMGGTGATGC	Corman, Victor M., Olfert Landt, Marco Kaiser, Richard Molenkamp, Adam Meijer, Daniel KW Chu, Tobias Bleicker, et al. “Detection of 2019 Novel Coronavirus (2019-NCoV) by Real-Time RT-PCR.” Eurosurveillance 25, no. 3 (January 2020): 2000045. https://doi.org/10.2807/1560-7917.ES.2020.25.3.2000045.
12	ncov_rdrp_2	2697049	15430	15530	97	ORF1ab	TGAGTGTGCTCAAGTATTGA[GTGARATGGTCATGTGTGGCGG]TTCACTATATGTTAAAC(CAGGTGGAACCTCATCAGGAGATGC)CACAACTGCT[TATGCTAATAGTGTSTTTAACATYTG]TCAAGCTGTCACGGCCAATG	GTGARATGGTCATGTGTGGCGG	TATGCTAATAGTGTSTTTAACATYTG	CAGGTGGAACCTCATCAGGAGATGC	Corman, Victor M., Olfert Landt, Marco Kaiser, Richard Molenkamp, Adam Meijer, Daniel KW Chu, Tobias Bleicker, et al. “Detection of 2019 Novel Coronavirus (2019-NCoV) by Real-Time RT-PCR.” Eurosurveillance 25, no. 3 (January 2020): 2000045. https://doi.org/10.2807/1560-7917.ES.2020.25.3.2000045.
13	Won-ORF1ab	2697049	15440	15558	100	ORF1ab	CAAGTATTGAGTGAAATGGT[CATGTGTGGCGGTTCACTAT]ATGTTAAACCAGGTGGAACCTCATCAGGAGATGCCACAACTGCTTATGCTAATAGTGTTTTTAACATTTGTCAAGCTG[TCACGGCCAATGTTAATGCA]CTTTTATCTACTGATGGTAA	CATGTGTGGCGGTTCACTAT	TCACGGCCAATGTTAATGCA	NA	Won, Joungha, Solji Lee, Myungsun Park, Tai Young Kim, Mingu Gordon Park, Byung Yoon Choi, Dongwan Kim, Hyeshik Chang, and V. Narry Kim and C. Justin Lee. “Development of a Laboratory-Safe and Low-Cost Detection Protocol for SARS-CoV-2 of the Coronavirus Disease 2019 (COVID-19).” Experimental Neurobiology 29, no. 2 (April 2020): 107–19. https://doi.org/10.5607/en20009.
14	Chan-ORF1ab	2697049	16219	16353	97.76	ORF1ab	TTATGAGGCTATGTACACAC[CGCATACAGTCTTRCAGGCT]GTTGGGGCTTGTGTTCTTTGCAATTCACAGACTTCA(TTAAGATGTGGTGCTTGCATACGTAGAC)CATTCTTATGTTGTAAATGCTGTTAC[GACCATGTCATWTCAACATCACAC]AAATTAGTCTTGTCTGTTAA	CGCATACAGTCTTRCAGGCT	GACCATGTCATWTCAACATCACAC	TTAAGATGTGGTGCTTGCATACGTAGAC	Chan, Jasper Fuk-Woo, Cyril Chik-Yan Yip, Kelvin Kai-Wang To, Tommy Hing-Cheung Tang, Sally Cheuk-Ying Wong, Kit-Hang Leung, Agnes Yim-Fong Fung, et al. “Improved Molecular Diagnosis of COVID-19 by the Novel, Highly Sensitive and Specific COVID-19-RdRp/Hel Real-Time Reverse Transcription-PCR Assay Validated \emphIn Vitro and with Clinical Specimens.” Edited by Alexander J. McAdam. Journal of Clinical Microbiology 58, no. 5 (March 2020): e00310-20, /jcm/58/5/JCM.00310-20.atom. https://doi.org/10.1128/JCM.00310-20.
15	Noblis.40	2697049	17169	17337	100	ORF1ab	TGTATACAGCTTGCTCTCAT[GCCGCTGTTGATGCACTATG]TGAGAAGGCATTAAAATATTTGCCTATAGATAAATGTAGTAGAATTATACCTGC(ACGTGCTCGTGTAGAGTGTTTTGAT)AAATTCAAAGTGAATTCAACATTAGAACAGTATGTCTTTTGTACTGTAA[ATGCATTGCCTGAGACGACA]GCAGATATAGTTGTCTTTGA	GCCGCTGTTGATGCACTATG	ATGCATTGCCTGAGACGACA	ACGTGCTCGTGTAGAGTGTTTTGAT	Holland, Mitchell, Daniel A. Negrón, Shane Mitchell, Mychal Ivancich, Katharine W. Jennings, Bruce Goodwin, and Shanmuga Sozhamannan. “Preliminary in Silico Assessment of the Specificity of Published Molecular Assays and Design of New Assays Using the Available Whole Genome Sequences of 2019-NCoV - SARS-CoV-2 Coronavirus / NCoV-2019 Diagnostics and Vaccines.” Virological, January 2020. https://virological.org/t/preliminary-in-silico-assessment-of-the-specificity-of-published-molecular-assays-and-design-of-new-assays-using-the-available-whole-genome-sequences-of-2019-ncov/343.
16	Noblis.44	2697049	18102	18466	100	ORF1ab	TCACTGGGTTACATCCTACA[CAGGCACCTACACACCTCAG]TGTTGACACTAAATTCAAAACTGAAGGTTTATGTGTTGACATACCTGGCATACCTAAGGACATGACCTATAGAAGACTCATCTCTATGATGGGTTTTAAAATGAATTATCAAGTTAATGGTTACCCTAACATGTTTATCACCCGCGAAGAAGCTATAAGACATGTACGTGCATGGAT(TGGCTTCGATGTCGAGGGGTGT)CATGCTACTAGAGAAGCTGTTGGTACCAATTTACCTTTACAGCTAGGTTTTTCTACAGGTGTTAACCTAGTTGCTGTACCTACAGGTTATGTTGATACACCTAATAATACAGATTTTTCCAGAGT[TAGTGCTAAACCACCGCCTG]GAGATCAATTTAAACACCTC	CAGGCACCTACACACCTCAG	TAGTGCTAAACCACCGCCTG	TGGCTTCGATGTCGAGGGGTGT	Holland, Mitchell, Daniel A. Negrón, Shane Mitchell, Mychal Ivancich, Katharine W. Jennings, Bruce Goodwin, and Shanmuga Sozhamannan. “Preliminary in Silico Assessment of the Specificity of Published Molecular Assays and Design of New Assays Using the Available Whole Genome Sequences of 2019-NCoV - SARS-CoV-2 Coronavirus / NCoV-2019 Diagnostics and Vaccines.” Virological, January 2020. https://virological.org/t/preliminary-in-silico-assessment-of-the-specificity-of-published-molecular-assays-and-design-of-new-assays-using-the-available-whole-genome-sequences-of-2019-ncov/343.
17	Noblis.42	2697049	18284	18466	100	ORF1ab	CGCGAAGAAGCTATAAGACA[TGTACGTGCATGGATTGGCT](TCGATGTCGAGGGGTGTCATGCT)ACTAGAGAAGCTGTTGGTACCAATTTACCTTTACAGCTAGGTTTTTCTACAGGTGTTAACCTAGTTGCTGTACCTACAGGTTATGTTGATACACCTAATAATACAGATTTTTCCAGAGT[TAGTGCTAAACCACCGCCTG]GAGATCAATTTAAACACCTC	TGTACGTGCATGGATTGGCT	TAGTGCTAAACCACCGCCTG	TCGATGTCGAGGGGTGTCATGCT	Holland, Mitchell, Daniel A. Negrón, Shane Mitchell, Mychal Ivancich, Katharine W. Jennings, Bruce Goodwin, and Shanmuga Sozhamannan. “Preliminary in Silico Assessment of the Specificity of Published Molecular Assays and Design of New Assays Using the Available Whole Genome Sequences of 2019-NCoV - SARS-CoV-2 Coronavirus / NCoV-2019 Diagnostics and Vaccines.” Virological, January 2020. https://virological.org/t/preliminary-in-silico-assessment-of-the-specificity-of-published-molecular-assays-and-design-of-new-assays-using-the-available-whole-genome-sequences-of-2019-ncov/343.
18	HKU-ORF1b-nsp14	2697049	18777	18909	96.97	ORF1ab	TTATGATTGATGTTCAACAA[TGGGGYTTTACRGGTAACCT]ACAAAGCAACCATGATCTGTATTGTCAAGTCCATGGTAATGCACATGTAGC(TAGTTGTGATGCWATCATGACTAG)GTGTCTAGCTGTCCAC[GAGTGCTTTGTTAAGCGYGTT]GACTGGACTATTGAATATCC	TGGGGYTTTACRGGTAACCT	GAGTGCTTTGTTAAGCGYGTT	TAGTTGTGATGCWATCATGACTAG	Chu, Daniel K W, Yang Pan, Samuel M S Cheng, Kenrie P Y Hui, Pavithra Krishnan, Yingzhi Liu, Daisy Y M Ng, et al. “Molecular Diagnosis of a Novel Coronavirus (2019-NCoV) Causing an Outbreak of Pneumonia.” Clinical Chemistry 66, no. 4 (April 2020): 549–55. https://doi.org/10.1093/clinchem/hvaa029.
19	C2_COV_ORF1b	2697049	18973	19082	100	ORF1ab	TAATGCGGCTTGTAGAAAGG[TTCAACACATGGTTGTTAAAGCTGCATTATTA](GCAGACAAATTCCCAGTTCTTCACGACATTGG)TAACCCTAAAGCTATTAAG[TGTGTACCTCAAGCTGATGTAGAATG]GAAGTTCTATGATGCACAGC	TTCAACACATGGTTGTTAAAGCTGCATTATTA	TGTGTACCTCAAGCTGATGTAGAATG	GCAGACAAATTCCCAGTTCTTCACGACATTGG	N/A
20	Young-S	2697049	21762	21876	100	S	AATGTTACTTGGTTCCATGC[TATACATGTCTCTGGGACCA]ATGGTA(CTAAGAGGTTTGATAACCCTGTCCTACC)ATTTAATGATGGTGTTTATTTTGCTTCCACTGAGAA[GTCTAACATAATAAGAGGCTGGAT]TTTTGGTACTACTTTAGATT	TATACATGTCTCTGGGACCA	GTCTAACATAATAAGAGGCTGGAT	CTAAGAGGTTTGATAACCCTGTCCTACC	Young, Barnaby Edward, Sean Wei Xiang Ong, Shirin Kalimuddin, Jenny G. Low, Seow Yen Tan, Jiashen Loh, Oon-Tek Ng, et al. “Epidemiologic Features and Clinical Course of Patients Infected With SARS-CoV-2 in Singapore.” JAMA 323, no. 15 (April 2020): 1488. https://doi.org/10.1001/jama.2020.3204.
21	Chan-S	2697049	22711	22869	100	S	TTAAGTGTTATGGAGTGTCT[CCTACTAAATTAAATGATCTCTGCTTTACT]AATGTCTATGCAGATTCATTTGTAATTAGAGGTGATGAAGTCAGACAAAT(CGCTCCAGGGCAAACTGGAAAG)ATTGCTGATTATAATTATAAATTACCAGATGATTT[TACAGGCTGCGTTATAGCTTG]GAATTCTAACAATCTTGATT	CCTACTAAATTAAATGATCTCTGCTTTACT	TACAGGCTGCGTTATAGCTTG	CGCTCCAGGGCAAACTGGAAAG	Chan, Jasper Fuk-Woo, Cyril Chik-Yan Yip, Kelvin Kai-Wang To, Tommy Hing-Cheung Tang, Sally Cheuk-Ying Wong, Kit-Hang Leung, Agnes Yim-Fong Fung, et al. “Improved Molecular Diagnosis of COVID-19 by the Novel, Highly Sensitive and Specific COVID-19-RdRp/Hel Real-Time Reverse Transcription-PCR Assay Validated \emphIn Vitro and with Clinical Specimens.” Edited by Alexander J. McAdam. Journal of Clinical Microbiology 58, no. 5 (March 2020): e00310-20, /jcm/58/5/JCM.00310-20.atom. https://doi.org/10.1128/JCM.00310-20.
22	Won-S	2697049	23113	23213	100	S	TAGTACTTTCTTTTGAACTT[CTACATGCACCAGCAACTGT]TTGTGGACCTAAAAAGTCTACTAATTTGGTTAAAAACAAATGTGTCAATTTCAACTTCAA[TGGTTTAACAGGCACAGGTG]TTCTTACTGAGTCTAACAAA	CTACATGCACCAGCAACTGT	TGGTTTAACAGGCACAGGTG	NA	Won, Joungha, Solji Lee, Myungsun Park, Tai Young Kim, Mingu Gordon Park, Byung Yoon Choi, Dongwan Kim, Hyeshik Chang, and V. Narry Kim and C. Justin Lee. “Development of a Laboratory-Safe and Low-Cost Detection Protocol for SARS-CoV-2 of the Coronavirus Disease 2019 (COVID-19).” Experimental Neurobiology 29, no. 2 (April 2020): 107–19. https://doi.org/10.5607/en20009.
23	C5_COV_S_gene	2697049	23995	24134	100	S	TATTACCAGATCCATCAAAA[CCAAGCAAGAGGTCATTTATTGAAGA]TCTACTTTTCAACAAAGT(GACACTTGCAGATGCTGGCTTCATCAA)ACAATATGGTGATTGCCTTGGTGATATTGCTGCTAGAGACC[TCATTTGTGCACAAAAGTTTAACGGCC]TTACTGTTTTGCCACCTTTG	CCAAGCAAGAGGTCATTTATTGAAGA	TCATTTGTGCACAAAAGTTTAACGGCC	GACACTTGCAGATGCTGGCTTCATCAA	N/A
24	Noblis.57	2697049	24045	24205	100	S	CTTTTCAACAAAGTGACACT[TGCAGATGCTGGCTTCATCA]AACAATATGGTGATTGCCTTGGTGATATTGCTGCTAGAGACCTCATTTGTGCACAAAAGTTTA(ACGGCCTTACTGTTTTGCCACCT)TTGCTCACAGATGAAATGATTGCTCAATACACTT[CTGCACTGTTAGCGGGTACA]ATCACTTCTGGTTGGACCTT	TGCAGATGCTGGCTTCATCA	CTGCACTGTTAGCGGGTACA	ACGGCCTTACTGTTTTGCCACCT	Holland, Mitchell, Daniel A. Negrón, Shane Mitchell, Mychal Ivancich, Katharine W. Jennings, Bruce Goodwin, and Shanmuga Sozhamannan. “Preliminary in Silico Assessment of the Specificity of Published Molecular Assays and Design of New Assays Using the Available Whole Genome Sequences of 2019-NCoV - SARS-CoV-2 Coronavirus / NCoV-2019 Diagnostics and Vaccines.” Virological, January 2020. https://virological.org/t/preliminary-in-silico-assessment-of-the-specificity-of-published-molecular-assays-and-design-of-new-assays-using-the-available-whole-genome-sequences-of-2019-ncov/343.
25	Japan_WuhanCoV-spk1	2697049	24353	24900	100	S	CAACCAATTTAATAGTGCTA[TTGGCAAAATTCAAGACTCACTTT]CTTCCACAGCAAGTGCACTTGGAAAACTTCAAGATGTGGTCAACCAAAATGCACAAGCTTTAAACACGCTTGTTAAACAACTTAGCTCCAATTTTGGTGCAATTTCAAGTGTTTTAAATGATATCCTTTCACGTCTTGACAAAGTTGAGGCTGAAGTGCAAATTGATAGGTTGATCACAGGCAGACTTCAAAGTTTGCAGACATATGTGACTCAACAATTAATTAGAGCTGCAGAAATCAGAGCTTCTGCTAATCTTGCTGCTACTAAAATGTCAGAGTGTGTACTTGGACAATCAAAAAGAGTTGATTTTTGTGGAAAGGGCTATCATCTTATGTCCTTCCCTCAGTCAGCACCTCATGGTGTAGTCTTCTTGCATGTGACTTATGTCCCTGCACAAGAAAAGAACTTCACAACTGCTCCTGCCATTTGTCATGATGGAAAAGCACACTTTCCTCGTGAAGGTGTCTTTGTTTCAAATGGCACACACTGGTTTGTAA[CACAAAGGAATTTTTATGAACCACA]AATCATTACTACAGACAACA	TTGGCAAAATTCAAGACTCACTTT	CACAAAGGAATTTTTATGAACCACA	NA	Nao, Naganori, Kazuya Shiratori, Harutaka Katano, Shutoku Matsuyama, and Makoto Takeda. “Detection of Second Case of 2019-NCoV Infection in Japan.” National Institute of Infectious Diseases, January 2020. https://www.niid.go.jp/niid/en/2019-ncov-e/9334-ncov-vir3-2.html.
26	Japan_NIID_WH-1_F24381	2697049	24363	24856	100	S	AATAGTGCTATTGGCAAAAT[TCAAGACTCACTTTCTTCCAC]AGCAAGTGCACTTGGAAAACTTCAAGATGTGGTCAACCAAAATGCACAAGCTTTAAACACGCTTGTTAAACAACTTAGCTCCAATTTTGGTGCAATTTCAAGTGTTTTAAATGATATCCTTTCACGTCTTGACAAAGTTGAGGCTGAAGTGCAAATTGATAGGTTGATCACAGGCAGACTTCAAAGTTTGCAGACATATGTGACTCAACAATTAATTAGAGCTGCAGAAATCAGAGCTTCTGCTAATCTTGCTGCTACTAAAATGTCAGAGTGTGTACTTGGACAATCAAAAAGAGTTGATTTTTGTGGAAAGGGCTATCATCTTATGTCCTTCCCTCAGTCAGCACCTCATGGTGTAGTCTTCTTGCATGTGACTTATGTCCCTGCACAAGAAAAGAACTTCACAACTGCTCCTGCCATTTGTCATGATGGAAAAGCACACTTTCCTC[GTGAAGGTGTCTTTGTTTCAAAT]GGCACACACTGGTTTGTAAC	TCAAGACTCACTTTCTTCCAC	GTGAAGGTGTCTTTGTTTCAAAT	NA	Nao, Naganori, Kazuya Shiratori, Harutaka Katano, Shutoku Matsuyama, and Makoto Takeda. “Detection of Second Case of 2019-NCoV Infection in Japan.” National Institute of Infectious Diseases, January 2020. https://www.niid.go.jp/niid/en/2019-ncov-e/9334-ncov-vir3-2.html.
27	Japan_NIID_WH-1_Seq_F24383	2697049	24365	24848	100	S	TAGTGCTATTGGCAAAATTC[AAGACTCACTTTCTTCCACAG]CAAGTGCACTTGGAAAACTTCAAGATGTGGTCAACCAAAATGCACAAGCTTTAAACACGCTTGTTAAACAACTTAGCTCCAATTTTGGTGCAATTTCAAGTGTTTTAAATGATATCCTTTCACGTCTTGACAAAGTTGAGGCTGAAGTGCAAATTGATAGGTTGATCACAGGCAGACTTCAAAGTTTGCAGACATATGTGACTCAACAATTAATTAGAGCTGCAGAAATCAGAGCTTCTGCTAATCTTGCTGCTACTAAAATGTCAGAGTGTGTACTTGGACAATCAAAAAGAGTTGATTTTTGTGGAAAGGGCTATCATCTTATGTCCTTCCCTCAGTCAGCACCTCATGGTGTAGTCTTCTTGCATGTGACTTATGTCCCTGCACAAGAAAAGAACTTCACAACTGCTCCTGCCATTTGTCATGATGGAAAAGCACACTTT[CCTCGTGAAGGTGTCTTTG]TTTCAAATGGCACACACTGG	AAGACTCACTTTCTTCCACAG	CCTCGTGAAGGTGTCTTTG	NA	Nao, Naganori, Kazuya Shiratori, Harutaka Katano, Shutoku Matsuyama, and Makoto Takeda. “Detection of Second Case of 2019-NCoV Infection in Japan.” National Institute of Infectious Diseases, January 2020. https://www.niid.go.jp/niid/en/2019-ncov-e/9334-ncov-vir3-2.html.
28	C3_COV_ORF3a	2697049	25849	25993	100	ORF3a	TCTTTGCTGGCATACTAATT[GTTACGACTATTGTATACCTTACAATAGTGTA]ACTTCTTCAATTGTCATTA(CTTCAGGTGATGGCACAACAAGTCCT)ATTTCTGAACATGACTACCAGATTGGTGGTTATAC[TGAAAAATGGGAATCTGGAGTAAAAGACTGTG]TTGTATTACACAGTTACTTC	GTTACGACTATTGTATACCTTACAATAGTGTA	TGAAAAATGGGAATCTGGAGTAAAAGACTGTG	CTTCAGGTGATGGCACAACAAGTCCT	N/A
29	Won-E	2697049	26258	26365	99.07	E	GAACTTATGTACTCATTCGT[TTCGGAAGAGACAGGTACGTT]AATAGTTAATAGCGTACTTCTTTTTCTTGCTTTCGTGGTATTCTTGCTAGTTACACTAGCCATCCT[TACTGCGCATCGATTGTGTG]CGTACTGCTGCAATATTGTT	TTCGGAAGAGACAGGTACGTT	TACTGCGCATCGATTGTGTG	NA	Won, Joungha, Solji Lee, Myungsun Park, Tai Young Kim, Mingu Gordon Park, Byung Yoon Choi, Dongwan Kim, Hyeshik Chang, and V. Narry Kim and C. Justin Lee. “Development of a Laboratory-Safe and Low-Cost Detection Protocol for SARS-CoV-2 of the Coronavirus Disease 2019 (COVID-19).” Experimental Neurobiology 29, no. 2 (April 2020): 107–19. https://doi.org/10.5607/en20009.
30	ncov_e_gene	2697049	26268	26381	100	E	ACTCATTCGTTTCGGAAGAG[ACAGGTACGTTAATAGTTAATAGCGT]ACTTCTTTTTCTTGCTTTCGTGGTATTCTTGCTAGTT(ACACTAGCCATCCTTACTGCGCTTCG)AT[TGTGTGCGTACTGCTGCAATAT]TGTTAACGTGAGTCTTGTAA	ACAGGTACGTTAATAGTTAATAGCGT	TGTGTGCGTACTGCTGCAATAT	ACACTAGCCATCCTTACTGCGCTTCG	Corman, Victor M., Olfert Landt, Marco Kaiser, Richard Molenkamp, Adam Meijer, Daniel KW Chu, Tobias Bleicker, et al. “Detection of 2019 Novel Coronavirus (2019-NCoV) by Real-Time RT-PCR.” Eurosurveillance 25, no. 3 (January 2020): 2000045. https://doi.org/10.2807/1560-7917.ES.2020.25.3.2000045.
31	Niu-E	2697049	26302	26391	100	E	AGTTAATAGCGTACTTCTTT[TTCTTGCTTTCGTGGTATTC]TTGCTA(GTTACACTAGCCATCCTTACTGCGCTTCGA)TTGTGTGCGTACT[GCTGCAATATTGTTAACGTG]AGTCTTGTAAAACCTTCTTT	TTCTTGCTTTCGTGGTATTC	GCTGCAATATTGTTAACGTG	GTTACACTAGCCATCCTTACTGCGCTTCGA	Niu, Peihua, Roujian Lu, Li Zhao, Huijuan Wang, Baoying Huang, Fei Ye, Wenling Wang, Wenjie Tan, and Key Laboratory of Biosafety, National Health and Family Planning Commission, National Institute for Viral Disease Control and Prevention, China CDC, Beijing, China. “Three Novel Real-Time RT-PCR Assays for Detection of COVID-19 Virus.” China CDC Weekly 2, no. 25 (2020): 453–57. https://doi.org/10.46234/ccdcw2020.116.
32	C4_COV_ORF8	2697049	27999	28135	100	ORF8	ACCATATGTAGTTGATGACC[CGTGTCCTATTCACTTCTATTCTAAA]TGGTATATTAGAGTAGGAGCTAGAAAATCAGCACCTTTAATTGAATTGTGCG(TGGATGAGGCTGGTTCTAAATCACCC)AT[TCAGTACATCGATATCGGTAATTATACAGT]TTCCTGTTTACCTTTTACAA	CGTGTCCTATTCACTTCTATTCTAAA	TCAGTACATCGATATCGGTAATTATACAGT	TGGATGAGGCTGGTTCTAAATCACCC	N/A
33	cdc_n1	2697049	28286	28358	100	N	AACTAAAATGTCTGATAATG[GACCCCAAAATCAGCGAAAT]GC(ACCCCGCATTACGTTTGGTGGACC)CT[CAGATTCAACTGGCAGTAACCAGA]ATGGAGAACGCAGTGGGGCG	GACCCCAAAATCAGCGAAAT	CAGATTCAACTGGCAGTAACCAGA	ACCCCGCATTACGTTTGGTGGACC	Lu, Xiaoyan, Lijuan Wang, Senthilkumar K. Sakthivel, Brett Whitaker, Janna Murray, Shifaq Kamili, Brian Lynch, et al. “US CDC Real-Time Reverse Transcription PCR Panel for Detection of Severe Acute Respiratory Syndrome Coronavirus 2 - Volume 26, Number 8—August 2020 - Emerging Infectious Diseases Journal - CDC,” n.d. https://doi.org/10.3201/eid2608.201246.
34	Thailand_WH-NIC_N	2697049	28319	28376	100	N	GCGAAATGCACCCCGCATTA[CGTTTGGTGGACCCTCAGAT]T(CAACTGGCAGTAACCA)G[AATGGAGAACGCAGTGGGG]CGCGATCAAAACAACGTCGG	CGTTTGGTGGACCCTCAGAT	AATGGAGAACGCAGTGGGG	CAACTGGCAGTAACCA	Ministry of Public Health (Thailand). “Diagnostic Detection of Novel Coronavirus 2019 by Real Time RT-PCR,” 2020. https://www.who.int/docs/default-source/coronaviruse/conventional-rt-pcr-followed-by-sequencing-for-detection-of-ncov-rirl-nat-inst-health-t.pdf.
35	Young-N	2697049	28582	28648	98.48	N	GTGACGGTAAAATGAAAGAT[CTCAGTCCAAGATGGTATTTCT]ACT(ACCTAGGAACTGGCCCAGAAGCT)[GGACTTCCCTATGGTGCT]AACAAAGACGGCATCATATG	CTCAGTCCAAGATGGTATTTCT	GGACTTCCCTATGGTGCT	ACCTAGGAACTGGCCCAGAAGCT	Young, Barnaby Edward, Sean Wei Xiang Ong, Shirin Kalimuddin, Jenny G. Low, Seow Yen Tan, Jiashen Loh, Oon-Tek Ng, et al. “Epidemiologic Features and Clinical Course of Patients Infected With SARS-CoV-2 in Singapore.” JAMA 323, no. 15 (April 2020): 1488. https://doi.org/10.1001/jama.2020.3204.
36	cdc_n3	2697049	28680	28752	98.61	N	ATCATATGGGTTGCAACTGA[GGGAGCCTTGAATACACCAAAA]G(AYCACATTGGCACCCGCAATCCTG)CTAA[CAATGCTGCAATCGTGCTACA]ACTTCCTCAAGGAACAACAT	GGGAGCCTTGAATACACCAAAA	CAATGCTGCAATCGTGCTACA	AYCACATTGGCACCCGCAATCCTG	Lu, Xiaoyan, Lijuan Wang, Senthilkumar K. Sakthivel, Brett Whitaker, Janna Murray, Shifaq Kamili, Brian Lynch, et al. “US CDC Real-Time Reverse Transcription PCR Panel for Detection of Severe Acute Respiratory Syndrome Coronavirus 2 - Volume 26, Number 8—August 2020 - Emerging Infectious Diseases Journal - CDC,” n.d. https://doi.org/10.3201/eid2608.201246.
37	ncov_n_gene	2697049	28705	28833	100	N	CCTTGAATACACCAAAAGAT[CACATTGGCACCCGCAATC]CTGCTAACAATGCTGCAATCGTGCTACA(ACTTCCTCAAGGAACAACATTGCCA)AAAGGCTTCTACGCAGAAGGGAGCAGAGGCGGCAGT[CAAGCCTCTTCTCGTTCCTC]ATCACGTAGTCGCAACAGTT	CACATTGGCACCCGCAATC	CAAGCCTCTTCTCGTTCCTC	ACTTCCTCAAGGAACAACATTGCCA	Corman, Victor M., Olfert Landt, Marco Kaiser, Richard Molenkamp, Adam Meijer, Daniel KW Chu, Tobias Bleicker, et al. “Detection of 2019 Novel Coronavirus (2019-NCoV) by Real-Time RT-PCR.” Eurosurveillance 25, no. 3 (January 2020): 2000045. https://doi.org/10.2807/1560-7917.ES.2020.25.3.2000045.
38	Won-N	2697049	28731	28849	100	N	GGCACCCGCAATCCTGCTAA[CAATGCTGCAATCGTGCTAC]AACTTCCTCAAGGAACAACATTGCCAAAAGGCTTCTACGCAGAAGGGAGCAGAGGCGGCAGTCAAGCCTCTTCTCGTT[CCTCATCACGTAGTCGCAAC]AGTTCAAGAAATTCAACTCC	CAATGCTGCAATCGTGCTAC	CCTCATCACGTAGTCGCAAC	NA	Won, Joungha, Solji Lee, Myungsun Park, Tai Young Kim, Mingu Gordon Park, Byung Yoon Choi, Dongwan Kim, Hyeshik Chang, and V. Narry Kim and C. Justin Lee. “Development of a Laboratory-Safe and Low-Cost Detection Protocol for SARS-CoV-2 of the Coronavirus Disease 2019 (COVID-19).” Experimental Neurobiology 29, no. 2 (April 2020): 107–19. https://doi.org/10.5607/en20009.
39	China_N	2697049	28880	28979	100	N	TTCAACTCCAGGCAGCAGTA[GGGGAACTTCTCCTGCTAGAAT]GGCTGGCAATGGCGGTGATGCTGCTCTTGCT(TTGCTGCTGCTTGACAGATT)GAAC[CAGCTTGAGAGCAAAATGTCTG]GTAAAGGCCAACAACAACAA	GGGGAACTTCTCCTGCTAGAAT	CAGCTTGAGAGCAAAATGTCTG	TTGCTGCTGCTTGACAGATT	Niu, Peihua, Roujian Lu, Li Zhao, Huijuan Wang, Baoying Huang, Fei Ye, Wenling Wang, Wenjie Tan, and Key Laboratory of Biosafety, National Health and Family Planning Commission, National Institute for Viral Disease Control and Prevention, China CDC, Beijing, China. “Three Novel Real-Time RT-PCR Assays for Detection of COVID-19 Virus.” China CDC Weekly 2, no. 25 (2020): 453–57. https://doi.org/10.46234/ccdcw2020.116.
40	Japan_NIID_2019-nCOV_N	2697049	29124	29282	99.37	N	GGTCCAGAACAAACCCAAGG[AAATTTTGGGGACCAGGAAC]TAATCAGACAAGGAACTGATTACAAACATTGGCCGCAAATTGCACAATTTGCCCCCAGCGCTTCAGCGTTCTTCGGA(ATGTCGCGCATTGGCATGGA)AGTCACACCTTCGGGAACGTG[GTTGACCTACACAGCTGCCA]TCAAATTGGATGACAAAGAT	AAATTTTGGGGACCAGGAAC	GTTGACCTACACAGCTGCCA	ATGTCGCGCATTGGCATGGA	Nao, Naganori, Kazuya Shiratori, Harutaka Katano, Shutoku Matsuyama, and Makoto Takeda. “Detection of Second Case of 2019-NCoV Infection in Japan.” National Institute of Infectious Diseases, January 2020. https://www.niid.go.jp/niid/en/2019-ncov-e/9334-ncov-vir3-2.html.
41	HKU-N	2697049	29144	29254	96.36	N	AAATTTTGGGGACCAGGAAC[TAATCAGACAAGGAACTGATTA]CAAACATTGGCC(GCAAATTGTGCAATTTGCGG)CCAGCGCTTCAGCGTTCTTCGGAATGTCGCGCATTGG[CATGGAAGTCACACCTTCG]GGAACGTGGTTGACCTACAC	TAATCAGACAAGGAACTGATTA	CATGGAAGTCACACCTTCG	GCAAATTGTGCAATTTGCGG	Chu, Daniel K W, Yang Pan, Samuel M S Cheng, Kenrie P Y Hui, Pavithra Krishnan, Yingzhi Liu, Daisy Y M Ng, et al. “Molecular Diagnosis of a Novel Coronavirus (2019-NCoV) Causing an Outbreak of Pneumonia.” Clinical Chemistry 66, no. 4 (April 2020): 549–55. https://doi.org/10.1093/clinchem/hvaa029.
42	cdc_n2	2697049	29163	29230	100	N	CTAATCAGACAAGGAACTGA[TTACAAACATTGGCCGCAAA]TTGC(ACAATTTGCCCCCAGCGCTTCAG)CG[TTCTTCGGAATGTCGCGC]ATTGGCATGGAAGTCACACC	TTACAAACATTGGCCGCAAA	TTCTTCGGAATGTCGCGC	ACAATTTGCCCCCAGCGCTTCAG	Lu, Xiaoyan, Lijuan Wang, Senthilkumar K. Sakthivel, Brett Whitaker, Janna Murray, Shifaq Kamili, Brian Lynch, et al. “US CDC Real-Time Reverse Transcription PCR Panel for Detection of Severe Acute Respiratory Syndrome Coronavirus 2 - Volume 26, Number 8—August 2020 - Emerging Infectious Diseases Journal - CDC,” n.d. https://doi.org/10.3201/eid2608.201246.
43	Chan-N	2697049	29209	29306	98.97	N	AATTTGCCCCCAGCGCTTCA[GCGTTCTTCGGAATGTCG]CGCATTGGCATGGAAGTCACACCTTCGGG(AACGTGGTTGACCTACACAGST)GCCAT[CAAATTGGATGACAAAGATCCAA]ATTTCAAAGATCAAGTCATT	GCGTTCTTCGGAATGTCG	CAAATTGGATGACAAAGATCCAA	AACGTGGTTGACCTACACAGST	Chan, Jasper Fuk-Woo, Cyril Chik-Yan Yip, Kelvin Kai-Wang To, Tommy Hing-Cheung Tang, Sally Cheuk-Ying Wong, Kit-Hang Leung, Agnes Yim-Fong Fung, et al. “Improved Molecular Diagnosis of COVID-19 by the Novel, Highly Sensitive and Specific COVID-19-RdRp/Hel Real-Time Reverse Transcription-PCR Assay Validated \emphIn Vitro and with Clinical Specimens.” Edited by Alexander J. McAdam. Journal of Clinical Microbiology 58, no. 5 (March 2020): e00310-20, /jcm/58/5/JCM.00310-20.atom. https://doi.org/10.1128/JCM.00310-20.