id	type	organism	targets	definition
Ebola_Bundibugyo_MGB	probe	BDBV	565995	[ATGGAAACCAAGGCGAAACTG]CATCCCCA(CGGGTAGCCCCCAAC)CAATACAG[AGACAAGCCAATGCCACAAGTA]
Ebola_Bundibugyo_TM	probe	BDBV	565995	[ATGGAAACCAAGGCGAAACTG]C(ATCCCCACGGGTAGCCCCCA)ACCAATACAG[AGACAAGCCAATGCCACAAGTA]
EBO_GP	primer	EBOV	186538	[AATGGGCTGAAAATTGCTACAATC]TTGAAATCAAAAAACCTGACGGGAGTGAGTGTCTACCAGCAGCGCCAGACGGGATTCGGGGCTTCCCCCGGTGCCGGTATGTGCACAAAGTATCAGGAACGGGACCGTGTGCCGGAGACTTTGCCTTCCACAAAGAGGGTGCTTTCTTCCTGTATGACCGACTTGCTTCCACAGTTATCTACCGAGGAACGACTTTCGCTGAAGGTGTCGTTGCATTTCTGATACTGCCCCAAGCTAAGAAGGACTTCTTCAGCTCACACCCCTTGAGAGAGCCGGTCAATGCAACGGAGGACCCGTCTAGTGGCTACTATTCTACCACAATTAGATATCAAGCTACCGGTTTTGGAACCAATGAGACAGAGTATTTGTTCGAGGTTGACAATTTGACCTACGTCCAACTTGAATCAAGATTCACACCACAGTTTCTGCTCCAGCTGAATGAGACAATATATACAAGTGGGAAAAGGAGCAATACCACGGGAAAACTAATTTGGAAGGTCAACCCCGAAATTGATACAACAATCGGGG[AGTGGGCCTTCTGGGAAACTAAAAAAA]
EBO1_2	primer	EBOV	186538	[TGGGTAATYATCCTYTTCCA]AAGAACATTTTCCATCCCGCTTGGAGTTATCCACAATAGTACATTACAGGTTAGTGATGTCGACAAACTAGTTTGTCGTGACAAACTGTCATCCACAAATCAATTGAGATCAGTTGGACTGAATCTCGAGGGGAATGGAGTGGCAACTGACGTGCCATCTGTGACTAAAAGATGGGGCTTCAGGTCCGGTGTCCCACCAAAGGTGGTCAATTATGAAGCTGGTGAATGGGCTGAAAACTGCTACAATCTTGAAATCAAAAAACCTGACGGGAGTGAGTGTCTACCAGCAGCGCCAGACGGGATTCGGGGCTTCCCCCGGTGCCGGTATGTGCACAAAGTATCAGGAACGGGACCATGTGCCGGAGACTTTGCCTTCCACAAAGAGGGTGCTTTCTTCCTGTATGATCGACTTGCTTCCACAGTTATCTACCGAGGAACG[ACTTTYGCTGAAGGTGTCGT]
EBO3_4	primer	EBOV	186538	[GTTTGTCGKGACAAACTGTC]ATCCACAAATCAATTGAGATCAGTTGGACTGAATCTCGAGGGGAATGGAGTGGCAACTGACGTGCCATCTGTGACTAAAAGATGGGGCTTCAGGTCCGGTGTCCCACCAAAGGTGGTCAATTATGAAGCTGGTGAATGGGCTGAAAACTGCTACAATCTTGAAATCAAAAAACCTGACGGGAGTGAGTGTCTACCAGCAGCGCCAGACGGGATTCGGGGCTTCCCCCGGTGCCGGTATGTGCACAAAGTATCAGGAACGGGACCATGTG[CCGGWGACTTWGCYTTCCA]
EBOGP	probe	EBOV	186538	[TGGGCTGAAAAYTGCTACAAT]CTTGAAATCAAAAAACCTGACGGGAGTGAGTGT(CTACCAGCAGCGCCAGACGG)GATTCGGGGCTTCCCCCG[GTGCCGSTATGTKCACAAAG]
EboZNP	probe	EBOV	186538	[TGGAAAAAACATTAAGAGAACACTTGC]TGC(CATGCCGGAAGAGGAGACAACTGAAGC)TA[ATGCCGGTCAGTTTCTCTCCT]
ENZ	probe	EBOV	186538	[ATGATGGAAGCTACGGCG]AATA(CCAGAGTTACTCGGAAAACGGCATG)AAT[GCACCAGATGACTTGGTCCT]
GAB_1	primer	EBOV	186538	[GAATGTAGGTAGAACCTTCGG]AAAATTGCCTTATCCGACTCGCAATGTTCAAACACTTTGTGAAGCTCTGTTAGCTGATGGTCTTGCTAAAGCATTTCCTAGCAATATGATGGTAGTTACGGAACGTGAGCAAAAAGAAAGCTTATTGCATCAAGCATCATGGCACCACACAAGTGATGATTTTGGTGAACATGCCACAGTTAGAGGGAGTAGCTTTGTAACTGATTTAGAGAAATACAATCTTGCATTTAGATATGAGTTTACAGCACCTTTTATAGAATATTGCAACCGTTGCTATGGTGTTAAGAATGTTTTTAATTGGATGCATTATA[CAATCCCACAGTGTTATATGC]
KGH	primer	EBOV	186538	[GTCGTTCCAACAATCGAGCG]CAAGGTTTCAAGGTTGAACTGAGAGTGTCTAGACAACAAAGTATCGATACTCCAGACACCAAGCAAGACCTGAGAAAAAACC[ATGGCYAAAGCTACGGGACG]
Kulesh_MGB	probe	EBOV	186538	[TCTGACATGGATTACCACAAGATC]TTGACAGC(AGGTCTGTCCGTTCAA)CAGGG[GATTGTTCGGCAAAGAGTCATCC]
Kulesh_TM	probe	EBOV	186538	[TTTTCAATCCTCAACCGTAAGGC]AATTGATTTCTTGCT(GCAGCGATGGGGCGGCACATG)C[CACATTCTGGGACCGGACTG]
NGDS_Primary_amplicon	primer	EBOV	186538	[TATGGATTCTCGTCCTCAGAA]AATCTGGATGGCGCCGAGTCTCACTGAATCTGACATGGATTACCACAAGATCTTGACAGCAGGTCTGTCCGTTCAACAGGG[GATTGTTCGGCAAAGAGTCATC]
NGDS_Secondary_amplicon	primer	EBOV	186538	[TCTGACATGGATTACCACAAGATC]TTGACAGC[AGGTCTGTCCGTTCAAC]
pan_Ebola_Assay_MGB_EBOV	probe	EBOV	186538	[ACTCAGAGAGGCTGCCACTG]AGGCTGAG(AAGCAACTCCAACAA)TATGCAGAGTCTCG[CGAACTTGACCATCTTGGACTTG]
ZAI_NP	primer	EBOV	186538	[GGACCGCCAAGGTAAAAAATGA]GGTGAACTCCTTTAAGGCTGCACTCAGCTCCCTGGCCAAGCATGGAGAGTATGCTCCTTTCGCCCGACTTTTGAACCTTTCTGGAGTAAATAATCTTGAGCATGGTCTTTTCCCTCAACTATCAGCAATTGCACTCGGAGTCGCCACAGCACACGGGAGTACCCTCGCAGGAGTAAATGTTGGAGAACAGTATCAACAACTCAGAGAGGCTGCCACTGAG[GCTGAGAAGCAACTCCAACAATATGC]
ZebovGP	probe	EBOV	186538	[GGCCAACGAGACGACTCAA]G(CTCTTCAACTGTTCCTGAGAG)C[CACAACTGAGCTACGCACCTTT]
Filo_AB	primer	PanFilo	11266	[ATCGGAATTTTTCTTTCTCATT]GAAAGAGAAAGAGTTGAATGTAGGTAGAACCTTCGGAAAATTGCCTTATCCGACTCGCAATGTTCAAACACTTTGTGAAGCTCTGTTAGCTGATGGTCTTGCTAAAGCATTTCCTAGCAATATGATGGTAGTTACGGAACGTGAGCAAAAAGAAAGCTTATTGCATCAAGCATCATGGCACCACACAAGTGATGATTTTGGTGAACATGCCACAGTTAGAGGGAGTAGCTTTGTAACTGATTTAGAGAAATACAATCTTGCATTTAGATATGAGTTTACAGCACCTTTTATAGAATATTGCAACCGTTGCTATGGTGTTAAGAATGTTTTTAATTGGATGCATTATACAATCCCACAGTGTTATATG[CATGTCAGTGATTATTATAACCCACCACAT]
PanFiloL_1_2	primer	PanFilo	11266	[ATMGRAAYTTTTCYTTYTCWYT]GAAAGAGAAAGAGTTGAATGTAGGTAGAACCTTCGGAAAATTGCCTTATCCGACTCGCAATGTTCAAACACTTTGTGAAGCTCTGTTAGCTGATGGTCTTGCTAAAGCATTTCCTAGCAATATGATGGTAGTTACGGAACGTGAGCAAAAAGAAAGCTTATTGCATCAAGCATCATGGCACCACACAAGTGATGATTTTGGTGAACATGCCACAGTTAGAGGGAGTAGCTTTGTAACTGATTTAGAGAAATACAATCTTGCATTTAGATATGAGTTTACAGCACCTTTTATAGAATATTGCAACCGTTGCTATGGTGTTAAGAATGTTTTTAATTGGATGCATTATACAATCCCACAGTGTTATATGC[ATGTHAGTGAYTWTTATARYCCDCCWCA]
PanFiloL3_4	primer	PanFilo	11266	[GCNAARGCMTTYCCHAGYAAYATGATGG]TAGTTACGGAACGTGAGCAAAAAGAAAGCTTATTGCATCAAGCATCATGGCACCACACAAGTGATGATTTTGGTGAACATGCCACAGTTAGAGGGAGTAGCTTTGTAACTGATTTAGAGAAATACAATCTTGCATTTAGATATGAGTTTACAGCACCTTTTATAGAATATTGCAACCGTTGCTATGGTGTTAAGAATGTTTTTAATTGGATGCATTATACAATCCCACAG[TGYTAYATGCATGTHAGTGAYTWTTAT]
Ebola_Reston_MGB	probe	RESTV	186539	[TCACCGCGAACCCAATG]ACA(ACCACCATTGCCC)C[AAGTCCAACCATGACAAGCGA]
Ebola_Reston_TM	probe	RESTV	186539	[CTATGGTTATCACCCAGGATTGTG]ATTCA(TGCCACTCTCCAGCCAGCCATCCG)TAT[CACATGGACAAGCAGAATAGTTAC]
pan_Ebola_Assay_MGB_RESTV	probe	RESTV	186539	[CTTAGAGAGGCTGCCACTGAAG]CTGAG(AAGCAACTCCAACAA)TATGCTGAGTCCAGAGAACTCGACAGCCTAG[GCCTAGACGATCAGGAAAGAAGAA]
Reston	primer	RESTV	186539	[GTATTTGGAAGGTCATGGATTC]AAATTTGAGCTCCGGAAGAAGGACGGTGTCAATCGGCTCGAGGAATTGCTTCCTGCTGCAACGAGTGGAAAAAACATCAGGCGTACGTTGGCCGCACTGCCTGAAGAGGAGACTACAGAAGCAAATGCAGGGCAATTTCTCTCATTTGCGAGTTTGTTTCTTCCCAAACTGGTTGTGGGAGAGAAGGCTTGCTTGGAAAAAGTCCAGCGACAAATTCAGGTTCATGCAGAACAGGGTTTAATTCAATATCCCACTGCATGGCAATCAGTTGGACACATGATGGTAATCTTCA[GATTGATGAGGACTAATTTCTTG]
Ebola_Sudan_MGB	probe	SUDV	186540	[CATGCAGAACAAGGGCTCATTC]AATATC(CAACTTCCTGGCAAT)CAGTTGGACACAT[GATGGTGATCTTCCGTTTGATGAG]
Ebola_Sudan_TM	probe	SUDV	186540	[AGGATGGAGCTTTCTTCCTCTATG]A(CAGGCTGGCTTCAACTGTAATTTACAGAGG)[AGTCAATTTTGCTGAGGGGGTA]
pan_Ebola_Assay_MGB_SUDV	probe	SUDV	186540	[GCGTGAGGCTGCTACTGAAG]CTGAA(AAGCAACTCCAACAA)TATGCTGAAACACGTGAGTT[GGACAACCTTGGGCTTGATGA]
Sudan	probe	SUDV	186540	[TTGACCCGTATGATGATGAGAGTA]ATAATTAT(CCTGACTACGAGGATTCGGCTGAAGG)CACCAC[AGGAGATCTTGATCTCTTCAATTTG]
Ebola_Ivory_Coast_MGB	probe	TAFV	186541	[CCCATCTCCGCCCACAA]CCA(CGCAGGCGAAGAC)CACAAAG[AATTGGTTTCAGAGGATTCCACTC]
Ebola_Ivory_Coast_TM	probe	TAFV	186541	[TGTACACAAAGTCTCAGGAACTGG]A(CCATGCCCAGGAGGACTCGCCTTT)CACAAA[GAAGGAGCCTTCTTCCTGTATGAC]
